{
    "accuracy": 0.9009990917347865,
    "precision": 0.7238095238095238,
    "recall": 0.48717948717948717,
    "auc": 0.7953161036494371
}